,year,female,wbhao,igen,% less than High School diploma,scol,% with College Degree,% with Health Insurance,% Employed,% Married,% with Children,Median Individual Real Income,wbhao_igen
6,1994,0,Hispanic,1st Generation,0.50911874,0.2484096,0.10757357,0.52008545,0.83614564,0.72805721,0.68181443,24559.814,Hispanic 1st Generation
7,1994,1,Hispanic,1st Generation,0.50159168,0.25628334,0.089246891,0.61018962,0.50567764,0.64766383,0.77326572,18088.627,Hispanic 1st Generation
10,1994,0,Hispanic,2nd Generation,0.25708973,0.40347761,0.11161702,0.70933384,0.76228809,0.63052887,0.54005855,39933.934,Hispanic 2nd Generation
11,1994,1,Hispanic,2nd Generation,0.28520694,0.39162156,0.1243224,0.80379832,0.58035183,0.53169811,0.64169574,29083.99,Hispanic 2nd Generation
14,1994,0,Hispanic,3rd Generation,0.19804035,0.40917629,0.10113645,0.74644637,0.87480497,0.66001278,0.62234253,40717.586,Hispanic 3rd Generation
15,1994,1,Hispanic,3rd Generation,0.17439941,0.36173141,0.091921225,0.81582415,0.68979907,0.63906395,0.69442725,26781.507999999998,Hispanic 3rd Generation
18,1994,0,Hispanic,All,0.385189,0.31774142,0.10698049,0.61151159,0.82915205,0.69192111,0.63819766,30699.767999999996,Hispanic All
19,1994,1,Hispanic,All,0.37584049,0.31159526,0.097781114,0.70220667,0.56582856,0.61950517,0.72506398,22653.197,Hispanic All
16,1994,0,White,All,0.082820542,0.57962769,0.30985429999999997,0.84704792,0.88294172,0.69778997,0.50643063,51738.805,White All
17,1994,1,White,All,0.078354843,0.55903113,0.26045039,0.87720025,0.73914617,0.70356065,0.55199236,32315.545,White All
22,1995,0,Hispanic,1st Generation,0.51889729,0.23048674,0.10252839,0.50906527,0.85079259,0.72976881,0.68803263,25640.182,Hispanic 1st Generation
23,1995,1,Hispanic,1st Generation,0.51537776,0.23855948,0.07251633,0.55844164,0.49532694,0.6785055999999999,0.77417117,18992.727,Hispanic 1st Generation
26,1995,0,Hispanic,2nd Generation,0.23356418,0.37529004,0.11318345,0.71645153,0.79818541,0.6298629,0.57899743,38302.0,Hispanic 2nd Generation
27,1995,1,Hispanic,2nd Generation,0.27519292,0.41454664,0.12178283,0.79850793,0.61822897,0.54188102,0.70488912,31108.504,Hispanic 2nd Generation
30,1995,0,Hispanic,3rd Generation,0.18932307,0.4089011,0.13248399,0.71970665,0.84248793,0.66847628,0.63511682,39647.316,Hispanic 3rd Generation
31,1995,1,Hispanic,3rd Generation,0.20203599,0.35713318,0.089127451,0.77470785,0.67868304,0.63010746,0.66900867,26906.362999999998,Hispanic 3rd Generation
34,1995,0,Hispanic,All,0.39083356,0.29786682,0.11108915,0.59595722,0.83841282,0.69651246,0.65472996,31393.395,Hispanic All
35,1995,1,Hispanic,All,0.3866812,0.30656540000000004,0.087626845,0.66412091,0.56663245,0.63604909,0.73354834,23740.908,Hispanic All
32,1995,0,White,All,0.07819964,0.58793175,0.31991157,0.85701174,0.89125854,0.69543278,0.50616598,52309.137,White All
33,1995,1,White,All,0.069967233,0.57785189,0.27570742,0.87849283,0.74920338,0.70887458,0.55284381,31733.682,White All
38,1996,0,Hispanic,1st Generation,0.55658007,0.19658361,0.07914488,0.50233406,0.83775795,0.74166942,0.70060951,26630.422000000002,Hispanic 1st Generation
39,1996,1,Hispanic,1st Generation,0.56052196,0.21422510000000003,0.07460583700000001,0.56696486,0.50267756,0.68300867,0.76517951,18545.939,Hispanic 1st Generation
42,1996,0,Hispanic,2nd Generation,0.2584568,0.36757159,0.14316711,0.71277082,0.81600738,0.5881446,0.53834295,38637.371,Hispanic 2nd Generation
43,1996,1,Hispanic,2nd Generation,0.24661428,0.44694498,0.12962152,0.79970551,0.64048117,0.52921581,0.69249314,30175.787,Hispanic 2nd Generation
46,1996,0,Hispanic,3rd Generation,0.20236304,0.37933734,0.11706901,0.7415845999999999,0.8414969999999999,0.62577903,0.60518473,38637.371,Hispanic 3rd Generation
47,1996,1,Hispanic,3rd Generation,0.22622073,0.38356459,0.089808784,0.76132309,0.6924265000000001,0.64515418,0.68501836,26737.063,Hispanic 3rd Generation
50,1996,0,Hispanic,All,0.41522905,0.273433,0.10160799,0.59987909,0.83356583,0.68264109,0.64381981,30909.897999999997,Hispanic All
51,1996,1,Hispanic,All,0.40909758,0.30851871,0.091214165,0.66698968,0.57899213,0.63764417,0.7294866999999999,23182.424,Hispanic All
48,1996,0,White,All,0.078245774,0.5886839,0.3152025,0.85551405,0.89221054,0.6877833000000001,0.49451795,53937.773,White All
49,1996,1,White,All,0.070037134,0.57889462,0.28711501,0.87866038,0.75302845,0.69979185,0.54364711,32487.847999999998,White All
54,1997,0,Hispanic,1st Generation,0.52817065,0.23640004,0.09220132199999999,0.5118798,0.86538225,0.74161869,0.69728798,25039.102000000003,Hispanic 1st Generation
55,1997,1,Hispanic,1st Generation,0.50430596,0.24552852,0.089706786,0.5581786,0.54388708,0.67959273,0.75216579,18057.045,Hispanic 1st Generation
58,1997,0,Hispanic,2nd Generation,0.24773894,0.42505571,0.12871407,0.71638709,0.85272551,0.64091295,0.58849305,38104.879,Hispanic 2nd Generation
59,1997,1,Hispanic,2nd Generation,0.24177417,0.44817588,0.14445698,0.79310161,0.66196507,0.55072999,0.69402212,30095.074,Hispanic 2nd Generation
62,1997,0,Hispanic,3rd Generation,0.17582513,0.43006721,0.14770535,0.73909509,0.86074972,0.62790996,0.6028986,39123.594,Hispanic 3rd Generation
63,1997,1,Hispanic,3rd Generation,0.19689888,0.42273536,0.12952222,0.78986597,0.66667908,0.61510283,0.65448552,27732.609,Hispanic 3rd Generation
66,1997,0,Hispanic,All,0.39051911,0.31971005,0.11218689999999999,0.60589164,0.86158454,0.69493419,0.65295041,30132.691000000003,Hispanic All
67,1997,1,Hispanic,All,0.36939859,0.33523819,0.11200857,0.66848046,0.60084975,0.63411814,0.71518111,22571.305,Hispanic All
64,1997,0,White,All,0.078609921,0.58509314,0.31420177,0.85633051,0.89649922,0.68250287,0.49177906,52861.996,White All
65,1997,1,White,All,0.065497674,0.58470845,0.2908074,0.88416702,0.7598694,0.69479305,0.54134655,33318.254,White All
70,1998,0,Hispanic,1st Generation,0.49939796,0.24212691,0.10350558,0.49723211,0.88858771,0.73069382,0.70655674,27985.617000000002,Hispanic 1st Generation
71,1998,1,Hispanic,1st Generation,0.50069374,0.22988243,0.095418721,0.54819012,0.56595683,0.68398261,0.78564548,17697.221,Hispanic 1st Generation
74,1998,0,Hispanic,2nd Generation,0.25860307,0.44609573,0.15684289999999998,0.78296,0.82491165,0.62353176,0.56412691,42714.890999999996,Hispanic 2nd Generation
75,1998,1,Hispanic,2nd Generation,0.24371134,0.42312959,0.16444527,0.78524411,0.67907852,0.55364817,0.67198372,29605.838,Hispanic 2nd Generation
78,1998,0,Hispanic,3rd Generation,0.15827794,0.41013563,0.15017693,0.74886686,0.8521629000000001,0.63127011,0.62911296,42464.492,Hispanic 3rd Generation
79,1998,1,Hispanic,3rd Generation,0.16216102,0.45642188,0.15878099,0.78389519,0.70058823,0.63928479,0.67304021,29461.49,Hispanic 3rd Generation
82,1998,0,Hispanic,All,0.37104186,0.32261923,0.12519318,0.61378986,0.8672002000000001,0.68580037,0.65965837,32404.397999999997,Hispanic All
83,1998,1,Hispanic,All,0.35852131,0.32981464,0.12674274,0.66027182,0.62495774,0.6434960999999999,0.73200697,22977.664,Hispanic All
80,1998,0,White,All,0.074150272,0.59377372,0.3191202,0.85393929,0.90014708,0.67708778,0.48957118,54074.105,White All
81,1998,1,White,All,0.059869424000000004,0.59280515,0.29659507,0.87810421,0.75651282,0.68915272,0.53632426,34046.715,White All
86,1999,0,Hispanic,1st Generation,0.50334984,0.21961452,0.098208331,0.49595261,0.8975302,0.72387785,0.68429673,28185.889,Hispanic 1st Generation
87,1999,1,Hispanic,1st Generation,0.46759579,0.26716512,0.11841692,0.55228883,0.55544472,0.69586432,0.78243393,18918.479,Hispanic 1st Generation
90,1999,0,Hispanic,2nd Generation,0.21304719,0.4407497,0.15961625,0.73263621,0.84388435,0.62352777,0.5672285,41467.191,Hispanic 2nd Generation
91,1999,1,Hispanic,2nd Generation,0.24350519,0.42298454,0.16430579,0.77745211,0.65306091,0.54550737,0.6678341,31390.316000000003,Hispanic 2nd Generation
94,1999,0,Hispanic,3rd Generation,0.18238473,0.43777046,0.13993521,0.74270391,0.86194634,0.64336652,0.6250093000000001,43633.996,Hispanic 3rd Generation
95,1999,1,Hispanic,3rd Generation,0.20198473,0.40997893,0.13736817,0.72507173,0.7306059,0.58007157,0.69647163,27611.854,Hispanic 3rd Generation
98,1999,0,Hispanic,All,0.36631569,0.31770203,0.12093876,0.60410643,0.87788063,0.68378633,0.64580768,33138.582,Hispanic All
99,1999,1,Hispanic,All,0.34745657,0.33982417,0.13381216,0.6485579,0.62322474,0.6314714,0.73395032,23252.086,Hispanic All
96,1999,0,White,All,0.070104346,0.60233313,0.33219308,0.86264497,0.89995718,0.67441255,0.48691154,57258.265999999996,White All
97,1999,1,White,All,0.05913261,0.60015398,0.30578864,0.87918037,0.76330435,0.68834871,0.52762783,36331.387,White All
102,2000,0,Hispanic,1st Generation,0.48491192,0.22016910000000003,0.096068241,0.51911455,0.89515007,0.71187055,0.70228231,28459.338,Hispanic 1st Generation
103,2000,1,Hispanic,1st Generation,0.48968989,0.23929435,0.10950448,0.58020467,0.56499475,0.69727379,0.783822,19921.537,Hispanic 1st Generation
106,2000,0,Hispanic,2nd Generation,0.22910993,0.42791584,0.15251642,0.7344203,0.87977326,0.58699757,0.58446491,39942.68,Hispanic 2nd Generation
107,2000,1,Hispanic,2nd Generation,0.20244662,0.45627984,0.16010544,0.84398913,0.68348211,0.55989033,0.68246764,29597.711,Hispanic 2nd Generation
110,2000,0,Hispanic,3rd Generation,0.14670455,0.47993222,0.14871466,0.79336482,0.86155552,0.6493634,0.60314918,42973.602,Hispanic 3rd Generation
111,2000,1,Hispanic,3rd Generation,0.17008045,0.43007693,0.13574922,0.80066752,0.703471,0.59984392,0.68586636,27046.332000000002,Hispanic 3rd Generation
114,2000,0,Hispanic,All,0.36015061,0.31813052,0.11864116,0.62177598,0.88465905,0.67410344,0.65759277,33724.316,Hispanic All
115,2000,1,Hispanic,All,0.34717885,0.33449507,0.12721949999999999,0.69311881,0.62541223,0.6427418,0.73717999,23678.17,Hispanic All
112,2000,0,White,All,0.065382175,0.6043460999999999,0.33065313,0.87641031,0.89754713,0.6717943000000001,0.48168898,57228.883,White All
113,2000,1,White,All,0.05684828,0.61487097,0.31232929,0.90121144,0.76998425,0.69551462,0.52782816,36285.656,White All
118,2001,0,Hispanic,1st Generation,0.50985932,0.21184695,0.08859142699999999,0.54859072,0.89120191,0.72447443,0.71037102,29851.612999999998,Hispanic 1st Generation
119,2001,1,Hispanic,1st Generation,0.49259582,0.22717848,0.097336277,0.61074078,0.56948727,0.7016173000000001,0.75518721,20038.703,Hispanic 1st Generation
122,2001,0,Hispanic,2nd Generation,0.21358056,0.45601028,0.17839345,0.75701886,0.81719708,0.5707069,0.58572882,41309.184,Hispanic 2nd Generation
123,2001,1,Hispanic,2nd Generation,0.2227736,0.44593319,0.15339701,0.79673344,0.69976377,0.53508162,0.67143637,31489.391,Hispanic 2nd Generation
126,2001,0,Hispanic,3rd Generation,0.16900468,0.44743416,0.1538143,0.80234593,0.87852198,0.64612138,0.61021286,41329.824,Hispanic 3rd Generation
127,2001,1,Hispanic,3rd Generation,0.15808029,0.43441764,0.13973722,0.82215154,0.73137569,0.60600376,0.66579413,28687.275,Hispanic 3rd Generation
130,2001,0,Hispanic,All,0.38468874,0.30569679,0.11870999,0.63951457,0.87481385,0.67974538,0.66659003,34407.113,Hispanic All
131,2001,1,Hispanic,All,0.35082504,0.32645050000000003,0.12015408,0.70376885,0.63802975,0.64126611,0.71471888,24773.123,Hispanic All
128,2001,0,White,All,0.062365294,0.61424536,0.33459306,0.88907427,0.8939867,0.67439491,0.47711620000000005,57803.953,White All
129,2001,1,White,All,0.055015537999999996,0.62876052,0.32363018,0.90117943,0.7605195,0.69143832,0.52267116,37170.695,White All
134,2002,0,Hispanic,1st Generation,0.50468767,0.22128518,0.099043034,0.50553912,0.86928028,0.70362455,0.67164898,29451.75,Hispanic 1st Generation
135,2002,1,Hispanic,1st Generation,0.48040229,0.23836373,0.10332339,0.54513389,0.57033324,0.69085705,0.76788008,20080.738,Hispanic 1st Generation
138,2002,0,Hispanic,2nd Generation,0.20390369,0.44312471,0.15350360000000002,0.73732364,0.82818127,0.56380677,0.56254578,42223.098,Hispanic 2nd Generation
139,2002,1,Hispanic,2nd Generation,0.17548826,0.47846642,0.17405871,0.7700215,0.69144541,0.56043571,0.68431622,28380.777000000002,Hispanic 2nd Generation
142,2002,0,Hispanic,3rd Generation,0.18019278,0.45010111,0.16655546,0.75147641,0.83008474,0.62180775,0.5679757,44177.625,Hispanic 3rd Generation
143,2002,1,Hispanic,3rd Generation,0.16919681,0.43257007,0.15057726,0.79604149,0.72687429,0.60393274,0.65586036,32865.477,Hispanic 3rd Generation
146,2002,0,Hispanic,All,0.38558328,0.30698824,0.12239225,0.59648216,0.8540535,0.66231775,0.63130403,33467.898,Hispanic All
147,2002,1,Hispanic,All,0.34201381,0.3353501,0.12954813,0.65224129,0.63306373,0.64255166,0.72365236,25060.762000000002,Hispanic All
144,2002,0,White,All,0.062941082,0.6134178000000001,0.34129021,0.8805086,0.88693732,0.71115965,0.56509602,58661.191,White All
145,2002,1,White,All,0.050156925,0.63810551,0.33175707,0.89543331,0.74809128,0.70563084,0.61071557,37149.367,White All
150,2003,0,Hispanic,1st Generation,0.50442058,0.21686003,0.10326675,0.49023214,0.86855358,0.69698465,0.67851722,28983.73,Hispanic 1st Generation
151,2003,1,Hispanic,1st Generation,0.49506217,0.22347812,0.10647827,0.54795504,0.54412901,0.70700753,0.77215785,20552.1,Hispanic 1st Generation
154,2003,0,Hispanic,2nd Generation,0.20297164,0.44415331,0.16731854,0.72994602,0.8291930000000001,0.54773957,0.53439569,43475.598,Hispanic 2nd Generation
155,2003,1,Hispanic,2nd Generation,0.18703642,0.45679078,0.18905084,0.78756499,0.69995123,0.54406947,0.71410948,32936.059,Hispanic 2nd Generation
158,2003,0,Hispanic,3rd Generation,0.1530655,0.43672892,0.14028601,0.75005311,0.83926153,0.59918791,0.57187957,42158.152,Hispanic 3rd Generation
159,2003,1,Hispanic,3rd Generation,0.16051331,0.46891198,0.14563377,0.78705573,0.70786226,0.60066634,0.64675277,32936.059,Hispanic 3rd Generation
162,2003,0,Hispanic,All,0.37737677,0.30347484,0.12259517,0.58727032,0.85534328,0.64959776,0.63027263,33001.93,Hispanic All
163,2003,1,Hispanic,All,0.3545008,0.32809979,0.13245419,0.65239894,0.61395985,0.64901447,0.73122352,26348.846,Hispanic All
160,2003,0,White,All,0.06291975799999999,0.61921942,0.34587958,0.86809963,0.88018006,0.71011084,0.56654298,58033.332,White All
161,2003,1,White,All,0.04681446400000001,0.64248151,0.33603573,0.88945818,0.74544126,0.70634145,0.60598528,36905.512,White All
166,2004,0,Hispanic,1st Generation,0.49059898,0.22212626,0.099208295,0.49024817,0.88699627,0.7054229999999999,0.68536532,30154.996,Hispanic 1st Generation
167,2004,1,Hispanic,1st Generation,0.47418284,0.23874328,0.10939968,0.53666693,0.5378505,0.70359927,0.78366429,20618.801,Hispanic 1st Generation
170,2004,0,Hispanic,2nd Generation,0.16808453,0.46652237,0.18417586,0.72941232,0.83640331,0.58354717,0.53305745,43879.387,Hispanic 2nd Generation
171,2004,1,Hispanic,2nd Generation,0.16609335,0.50210381,0.19191614,0.79857028,0.73171884,0.54189461,0.66245556,33537.77,Hispanic 2nd Generation
174,2004,0,Hispanic,3rd Generation,0.15975785,0.47860274,0.15464646,0.70366335,0.83226329,0.58997524,0.53594553,45103.625,Hispanic 3rd Generation
175,2004,1,Hispanic,3rd Generation,0.14780445,0.46920744,0.1531394,0.80061001,0.7118029,0.56725436,0.62604469,31314.805,Hispanic 3rd Generation
178,2004,0,Hispanic,All,0.36423114,0.31908354,0.12591544,0.57733113,0.86658466,0.6596569999999999,0.62710369,33505.551,Hispanic All
179,2004,1,Hispanic,All,0.33089468,0.34974125,0.13743877,0.65527725,0.62057763,0.63666767,0.72037625,25773.502,Hispanic All
176,2004,0,White,All,0.059651512999999996,0.6202324,0.34418213,0.8599896999999999,0.87517136,0.70659465,0.56390285,58067.699,White All
177,2004,1,White,All,0.047247689,0.64931899,0.34124994,0.88132757,0.73785311,0.70412421,0.60954344,37996.586,White All
182,2005,0,Hispanic,1st Generation,0.47766781,0.21253228,0.090662576,0.5008136,0.89313114,0.69999969,0.67195153,29738.162,Hispanic 1st Generation
183,2005,1,Hispanic,1st Generation,0.47960591,0.23681939999999999,0.10381167,0.56011665,0.54891938,0.67522115,0.76034671,20076.396,Hispanic 1st Generation
186,2005,0,Hispanic,2nd Generation,0.17322695,0.47857875,0.17187192,0.74717605,0.84251684,0.58799505,0.55827504,43917.117,Hispanic 2nd Generation
187,2005,1,Hispanic,2nd Generation,0.15991978,0.50546747,0.21371366,0.80916369,0.68994623,0.57522488,0.68345749,32624.145,Hispanic 2nd Generation
190,2005,0,Hispanic,3rd Generation,0.13387488,0.46945962,0.15238261,0.7330572,0.84760785,0.61434519,0.55105108,45171.890999999996,Hispanic 3rd Generation
191,2005,1,Hispanic,3rd Generation,0.17609477,0.48466629,0.14945465,0.7548334,0.72311682,0.56240553,0.62215239,30272.695,Hispanic 3rd Generation
194,2005,0,Hispanic,All,0.35121381,0.31429657,0.11836898,0.59390849,0.8744451999999999,0.66168034,0.62623525,33878.918,Hispanic All
195,2005,1,Hispanic,All,0.34049946,0.35202372,0.13784203,0.65868086,0.61975539,0.62750852,0.71157122,25197.132999999998,Hispanic All
192,2005,0,White,All,0.061465096,0.60779709,0.33640447,0.85915422,0.88016593,0.70424098,0.56276679,57719.640999999996,White All
193,2005,1,White,All,0.048062325,0.65310484,0.34297612,0.88212568,0.74169773,0.69664818,0.60993445,37643.242,White All
198,2006,0,Hispanic,1st Generation,0.48628432,0.20686707,0.087779514,0.49333334,0.90238655,0.71460259,0.68757433,29661.932,Hispanic 1st Generation
199,2006,1,Hispanic,1st Generation,0.44630247,0.24361029,0.10598876,0.54750121,0.56537277,0.68608785,0.76849771,20195.357,Hispanic 1st Generation
202,2006,0,Hispanic,2nd Generation,0.15348256,0.47532701,0.16908051,0.7291503,0.82853156,0.56565505,0.55069506,43691.879,Hispanic 2nd Generation
203,2006,1,Hispanic,2nd Generation,0.15689197,0.54449183,0.22250825,0.78036565,0.68482202,0.53686631,0.65423018,34194.965,Hispanic 2nd Generation
206,2006,0,Hispanic,3rd Generation,0.13092163,0.45748466,0.16058868,0.73886859,0.85361832,0.61026818,0.5568951999999999,43694.305,Hispanic 3rd Generation
207,2006,1,Hispanic,3rd Generation,0.16384646,0.46527696,0.16269539,0.75631821,0.70005971,0.5738225,0.65445352,32045.566000000003,Hispanic 3rd Generation
210,2006,0,Hispanic,All,0.35508782,0.30563036,0.11708350000000001,0.58506739,0.87917352,0.66661465,0.63664985,32817.457,Hispanic All
211,2006,1,Hispanic,All,0.31990787,0.35820627,0.14356399,0.64489192,0.62176824,0.62871009,0.71800452,25244.197,Hispanic All
208,2006,0,White,All,0.05806739599999999,0.61316478,0.33970335,0.85822022,0.88901824,0.69511646,0.56131893,57202.379,White All
209,2006,1,White,All,0.047617680999999995,0.66393012,0.34751141,0.8762629000000001,0.74163383,0.6950506,0.60714561,36675.691,White All
214,2007,0,Hispanic,1st Generation,0.48118171,0.21045369,0.085605949,0.46036809999999995,0.89470828,0.71997529,0.65206558,29388.926,Hispanic 1st Generation
215,2007,1,Hispanic,1st Generation,0.44002938,0.2456083,0.10539064,0.52109003,0.55764925,0.71051174,0.76641566,21160.027000000002,Hispanic 1st Generation
218,2007,0,Hispanic,2nd Generation,0.15319782,0.5021441,0.19273497,0.75045693,0.84887344,0.59437859,0.54801935,47022.280999999995,Hispanic 2nd Generation
219,2007,1,Hispanic,2nd Generation,0.14879271,0.55020481,0.23230341,0.77364433,0.69347054,0.5359965,0.6661613000000001,32974.375,Hispanic 2nd Generation
222,2007,0,Hispanic,3rd Generation,0.12860648,0.45870167,0.17113362,0.72899842,0.84292716,0.56950289,0.53677654,43495.609000000004,Hispanic 3rd Generation
223,2007,1,Hispanic,3rd Generation,0.13771324,0.48848605,0.16322254,0.76612097,0.75598913,0.52642983,0.63290542,31740.041,Hispanic 3rd Generation
226,2007,0,Hispanic,All,0.3514238,0.31334022,0.12231132,0.56685579,0.87609416,0.66732472,0.61024314,35266.711,Hispanic All
227,2007,1,Hispanic,All,0.31030646,0.36447483,0.14497496,0.6296553,0.63129604,0.63210779,0.71501005,24686.697,Hispanic All
224,2007,0,White,All,0.061765800999999995,0.60862577,0.34100115,0.84964073,0.88351512,0.65645337,0.47808006,57602.297,White All
225,2007,1,White,All,0.04720562,0.66842544,0.36658499,0.87627238,0.75246888,0.67942214,0.52880847,37713.047,White All
230,2008,0,Hispanic,1st Generation,0.47205612,0.20552923,0.09051709599999999,0.47102225,0.87505245,0.70975393,0.63430434,28578.463,Hispanic 1st Generation
231,2008,1,Hispanic,1st Generation,0.43887651,0.25499937,0.10869925,0.5224755999999999,0.54519463,0.70870298,0.75077307,21948.26,Hispanic 1st Generation
234,2008,0,Hispanic,2nd Generation,0.14997424,0.50821936,0.19724327,0.72309262,0.85443169,0.56803602,0.55942476,44650.992,Hispanic 2nd Generation
235,2008,1,Hispanic,2nd Generation,0.1151698,0.59057105,0.23063278,0.79346585,0.74747127,0.52997947,0.66154605,35437.293,Hispanic 2nd Generation
238,2008,0,Hispanic,3rd Generation,0.1493195,0.44840652,0.1586895,0.72464913,0.82292521,0.54652756,0.51758462,40009.848,Hispanic 3rd Generation
239,2008,1,Hispanic,3rd Generation,0.14536442,0.48281828,0.16500533,0.77739584,0.70632672,0.5467871999999999,0.60971725,31733.525,Hispanic 3rd Generation
242,2008,0,Hispanic,All,0.34439042,0.31340995,0.12505841,0.57114607,0.86057925,0.64933169,0.5962773,34294.156,Hispanic All
243,2008,1,Hispanic,All,0.3002007,0.38120496,0.14847891,0.64068174,0.62673515,0.63216931,0.69873744,27383.882999999998,Hispanic All
240,2008,0,White,All,0.057112515,0.61819017,0.34779599,0.85513127,0.87483764,0.64268833,0.45845661,57156.926,White All
241,2008,1,White,All,0.040976588,0.68140811,0.37816262,0.88047296,0.75170416,0.66587514,0.51175815,38180.828,White All
246,2009,0,Hispanic,1st Generation,0.47190076,0.20212132,0.09290806900000001,0.46785721,0.81809449,0.69341969,0.65941781,28622.193,Hispanic 1st Generation
247,2009,1,Hispanic,1st Generation,0.44560394,0.24156611,0.10485236,0.51808149,0.55318969,0.69546485,0.74842101,19815.365,Hispanic 1st Generation
250,2009,0,Hispanic,2nd Generation,0.17957824,0.48134959,0.18827689,0.72622615,0.77866018,0.55878323,0.54724711,44034.145,Hispanic 2nd Generation
251,2009,1,Hispanic,2nd Generation,0.13150923,0.55545312,0.21176448,0.77366495,0.68840432,0.53556132,0.68361276,33025.609,Hispanic 2nd Generation
254,2009,0,Hispanic,3rd Generation,0.13168129,0.44553009,0.16168141,0.73583698,0.77998203,0.56198883,0.5272041000000001,44034.145,Hispanic 3rd Generation
255,2009,1,Hispanic,3rd Generation,0.14394304,0.45768809,0.14247811,0.76389462,0.68535674,0.53067023,0.61649233,32391.517999999996,Hispanic 3rd Generation
258,2009,0,Hispanic,All,0.34143719,0.31004241,0.12682793,0.57646853,0.80208826,0.63850361,0.60901541,33025.609,Hispanic All
259,2009,1,Hispanic,All,0.30743358,0.35979074,0.13674808,0.63059354,0.61320692,0.62251264,0.70369929,25319.632999999998,Hispanic All
256,2009,0,White,All,0.05673774,0.61335909,0.33967444,0.84861684,0.82880205,0.63713157,0.4581807,55152.765999999996,White All
257,2009,1,White,All,0.043645773,0.68174475,0.37279373,0.87247896,0.73201531,0.66817498,0.5124346,36922.629,White All
262,2010,0,Hispanic,1st Generation,0.45422122,0.21801431,0.10482377,0.42992553,0.81826788,0.6599732,0.6705609,27617.387000000002,Hispanic 1st Generation
263,2010,1,Hispanic,1st Generation,0.42700246,0.26381168,0.11867111,0.50315827,0.53830695,0.67434531,0.75671881,20679.898,Hispanic 1st Generation
266,2010,0,Hispanic,2nd Generation,0.15434456,0.48356009,0.20204479,0.66024125,0.77700031,0.53025723,0.56674534,43088.645,Hispanic 2nd Generation
267,2010,1,Hispanic,2nd Generation,0.12709068,0.56828427,0.23784074,0.76228172,0.69589579,0.50118726,0.68565232,32058.262000000002,Hispanic 2nd Generation
270,2010,0,Hispanic,3rd Generation,0.12145608,0.44500229,0.16803956,0.70381713,0.75578398,0.51527131,0.50924289,44187.816,Hispanic 3rd Generation
271,2010,1,Hispanic,3rd Generation,0.12208864,0.49660623,0.17910691,0.72747105,0.66283929,0.50211394,0.62505788,32036.167999999998,Hispanic 3rd Generation
274,2010,0,Hispanic,All,0.3226867,0.32085839,0.13847096,0.53463781,0.79680508,0.60292304,0.61573589,33140.863,Hispanic All
275,2010,1,Hispanic,All,0.29211718,0.38340116,0.1585445,0.61085504,0.60111767,0.59732962,0.71133006,26512.689,Hispanic All
272,2010,0,White,All,0.057444826,0.60965461,0.34018594,0.81657547,0.81722534,0.62047905,0.45265588,55234.773,White All
273,2010,1,White,All,0.044571389,0.68236572,0.37225676,0.8523130999999999,0.72825134,0.65883332,0.51823223,38114.203,White All
278,2011,0,Hispanic,1st Generation,0.45307928,0.22390965,0.086493902,0.44812381,0.83766264,0.65737414,0.65001643,27177.646,Hispanic 1st Generation
279,2011,1,Hispanic,1st Generation,0.42844337,0.2573193,0.11072344,0.51611924,0.52752393,0.65988499,0.75187767,20696.32,Hispanic 1st Generation
282,2011,0,Hispanic,2nd Generation,0.15411806,0.46254745,0.18999562,0.71920395,0.80083859,0.52377385,0.55498832,41773.129,Hispanic 2nd Generation
283,2011,1,Hispanic,2nd Generation,0.12575404,0.57401371,0.24018125,0.7814066999999999,0.6818651,0.48552379,0.64472276,32613.176,Hispanic 2nd Generation
286,2011,0,Hispanic,3rd Generation,0.12267648,0.44456312,0.15754725,0.70691586,0.74829668,0.51012647,0.50047582,43484.234000000004,Hispanic 3rd Generation
287,2011,1,Hispanic,3rd Generation,0.12759972,0.52641523,0.19275416,0.76992679,0.64294279,0.50996888,0.66180086,32613.176,Hispanic 3rd Generation
290,2011,0,Hispanic,All,0.31940409999999997,0.32166767,0.12377593,0.56086212,0.81109273,0.59772086,0.59828341,32612.088,Hispanic All
291,2011,1,Hispanic,All,0.28999111,0.39184397,0.15938519,0.63523197,0.5895263000000001,0.5854218000000001,0.70658082,26090.541,Hispanic All
288,2011,0,White,All,0.056003019,0.62701529,0.35428905,0.81840104,0.82600188,0.61142296,0.44227058,54355.293,White All
289,2011,1,White,All,0.042964783,0.69450098,0.38662913,0.85396093,0.7277596,0.65131921,0.5117596999999999,38048.703,White All
294,2012,0,Hispanic,1st Generation,0.4139125,0.24872629,0.10676679,0.46860141,0.85434359,0.66111672,0.63946134,27400.727000000003,Hispanic 1st Generation
295,2012,1,Hispanic,1st Generation,0.404223,0.27858633,0.12631693,0.50023252,0.55129874,0.67388952,0.75140965,21077.482000000004,Hispanic 1st Generation
298,2012,0,Hispanic,2nd Generation,0.15329891,0.45873231,0.19042407,0.68634301,0.78028613,0.50948608,0.52700239,40047.215,Hispanic 2nd Generation
299,2012,1,Hispanic,2nd Generation,0.12988029,0.58437401,0.25634345,0.74985194,0.67496395,0.52422667,0.64961469,31282.145,Hispanic 2nd Generation
302,2012,0,Hispanic,3rd Generation,0.11869631,0.49014357,0.17063245,0.73661721,0.75440359,0.51008654,0.50855219,42154.965,Hispanic 3rd Generation
303,2012,1,Hispanic,3rd Generation,0.13448153,0.51948625,0.20585948,0.75035614,0.69969237,0.46315014,0.61736637,31616.222999999998,Hispanic 3rd Generation
306,2012,0,Hispanic,All,0.29437232,0.34579349,0.13865785,0.57295811,0.81700778,0.59591466,0.58713973,31616.222999999998,Hispanic All
307,2012,1,Hispanic,All,0.27436697,0.40956098,0.17673652,0.61946666,0.61600769,0.58840179,0.69540495,25292.979,Hispanic All
304,2012,0,White,All,0.053250328,0.63221568,0.35733563,0.82658905,0.83458173,0.61278999,0.44046456,52746.398,White All
305,2012,1,White,All,0.040646866000000004,0.70013541,0.39350358,0.85562992,0.720855,0.64590394,0.50511861,36911.941,White All
310,2013,0,Hispanic,1st Generation,0.43433574,0.23793389,0.10769241,0.46223843,0.86724705,0.66198194,0.63453168,26840.201,Hispanic 1st Generation
311,2013,1,Hispanic,1st Generation,0.3792986,0.28899795,0.1345676,0.51822311,0.53941578,0.66809446,0.74444592,19613.994,Hispanic 1st Generation
314,2013,0,Hispanic,2nd Generation,0.11749852,0.48887157,0.20434293,0.71788663,0.82357657,0.50579643,0.49863726,38711.828,Hispanic 2nd Generation
315,2013,1,Hispanic,2nd Generation,0.11927681,0.56995195,0.24714038,0.78075659,0.66604483,0.49907184,0.59731197,30969.463,Hispanic 2nd Generation
318,2013,0,Hispanic,3rd Generation,0.13178119,0.45473012,0.17585376,0.71247125,0.79063523,0.46468869,0.50853276,41292.617,Hispanic 3rd Generation
319,2013,1,Hispanic,3rd Generation,0.10234951,0.54916298,0.22087687,0.76111513,0.6617924,0.50082707,0.60086405,30969.463,Hispanic 3rd Generation
322,2013,0,Hispanic,All,0.30053213,0.33910343,0.14343075,0.57148683,0.84145844,0.58589125,0.57793528,31111.924,Hispanic All
323,2013,1,Hispanic,All,0.25035945,0.41924775,0.1825942,0.63988316,0.59930843,0.58724076,0.67453259,24775.57,Hispanic All
320,2013,0,White,All,0.052787818,0.64118385,0.36607128,0.82328027,0.83789533,0.60148132,0.44286963,51790.234000000004,White All
321,2013,1,White,All,0.040453762000000004,0.70596534,0.39932781,0.8560918,0.72377926,0.6386975,0.5084331,37163.355,White All
326,2014,0,Hispanic,1st Generation,0.4467642,0.24135888,0.10073334,0.54461032,0.87883461,0.66720939,0.66084129,27473.408,Hispanic 1st Generation
327,2014,1,Hispanic,1st Generation,0.40643245,0.28842363,0.13827816,0.58829641,0.54905277,0.66255987,0.71487314,20350.672,Hispanic 1st Generation
330,2014,0,Hispanic,2nd Generation,0.11810391,0.49389923,0.21164247,0.76748788,0.81887209,0.49896014,0.47217318,39683.812999999995,Hispanic 2nd Generation
331,2014,1,Hispanic,2nd Generation,0.09922818800000001,0.58655077,0.26090574,0.78734595,0.71514785,0.47868541,0.6231429,30526.007999999998,Hispanic 2nd Generation
334,2014,0,Hispanic,3rd Generation,0.12083865,0.49180311,0.20314687,0.74893481,0.7746138000000001,0.46042794,0.51212436,38666.277,Hispanic 3rd Generation
335,2014,1,Hispanic,3rd Generation,0.11608903,0.57470661,0.20027284,0.81315857,0.67822415,0.48075837,0.62663144,31543.541,Hispanic 3rd Generation
338,2014,0,Hispanic,All,0.29760587,0.35597229,0.14941464,0.64211458,0.84184915,0.58213288,0.58359671,30526.007999999998,Hispanic All
339,2014,1,Hispanic,All,0.26322344,0.42845246,0.18290208,0.68963456,0.62001127,0.57497764,0.67175168,25438.34,Hispanic All
336,2014,0,White,All,0.052306637,0.64401317,0.36748275,0.84764642,0.84229827,0.6021561,0.44485953,52648.207,White All
337,2014,1,White,All,0.036572587000000004,0.72004557,0.41505075,0.86652589,0.73173153,0.63160253,0.51332086,37089.102,White All
342,2015,0,Hispanic,1st Generation,0.43719679,0.22802496,0.10181591,0.599549,0.89250362,0.66667169,0.62426466,30034.502,Hispanic 1st Generation
343,2015,1,Hispanic,1st Generation,0.397863,0.29370645,0.14580876,0.66781956,0.5468052,0.66413027,0.70794737,20023.002,Hispanic 1st Generation
346,2015,0,Hispanic,2nd Generation,0.10504103,0.53412199,0.21833035,0.81720674,0.85398436,0.49063957,0.50512916,40046.004,Hispanic 2nd Generation
347,2015,1,Hispanic,2nd Generation,0.094497204,0.58392823,0.22719356,0.85406077,0.70352787,0.51105565,0.64291871,30034.502,Hispanic 2nd Generation
350,2015,0,Hispanic,3rd Generation,0.11226253,0.52030593,0.20197602,0.80571175,0.79060149,0.48674351,0.47944465,45051.754,Hispanic 3rd Generation
351,2015,1,Hispanic,3rd Generation,0.13047963,0.56651831,0.21614222,0.84937489,0.66169959,0.49934292,0.60227096,30049.52,Hispanic 3rd Generation
354,2015,0,Hispanic,All,0.29411581,0.35849801,0.1493375,0.69200248,0.86351067,0.58935201,0.56748575,33037.953,Hispanic All
355,2015,1,Hispanic,All,0.26335561,0.42618442,0.18158127,0.75428152,0.61110502,0.58959097,0.66831774,25028.752,Hispanic All
352,2015,0,White,All,0.047836076,0.64854431,0.37920776,0.88059258,0.85014594,0.60657871,0.45205322,53861.875,White All
353,2015,1,White,All,0.036439568,0.72668028,0.43057111,0.89837432,0.73607767,0.6355896,0.51564789,38015.672,White All
358,2016,0,Hispanic,1st Generation,0.40110895,0.23005345,0.10426628,0.66981107,0.90324366,0.65526444,0.62172604,30000.0,Hispanic 1st Generation
359,2016,1,Hispanic,1st Generation,0.36597684,0.29158264,0.13544624,0.71112728,0.57447702,0.65687299,0.72173566,21300.0,Hispanic 1st Generation
362,2016,0,Hispanic,2nd Generation,0.09397900099999999,0.52908087,0.23738553,0.8578136000000001,0.85395128,0.4721044,0.48499647,40000.0,Hispanic 2nd Generation
363,2016,1,Hispanic,2nd Generation,0.10533234,0.58540088,0.24335887,0.8839155999999999,0.68830442,0.46651962,0.61530441,31200.0,Hispanic 2nd Generation
366,2016,0,Hispanic,3rd Generation,0.10222503,0.53314275,0.20130607,0.82895261,0.81063038,0.50276464,0.47682694,40000.0,Hispanic 3rd Generation
367,2016,1,Hispanic,3rd Generation,0.09744788,0.58661944,0.2616412,0.8726393,0.69571841,0.47016454,0.60969859,32000.0,Hispanic 3rd Generation
2,2016,0,Hispanic,All,0.26307565,0.36686781,0.15758079,0.74953341,0.8721447,0.57810503,0.55790317,35000.0,Hispanic All
3,2016,1,Hispanic,All,0.2378034,0.43434167,0.19189622,0.79237902,0.63134688,0.56538397,0.6688599000000001,26900.0,Hispanic All
0,2016,0,White,All,0.04642378900000001,0.6645726,0.39212912,0.89181668,0.85861599,0.59695113,0.44429293,55056.0,White All
1,2016,1,White,All,0.036607333,0.73705947,0.44036096,0.90868908,0.74850768,0.63120621,0.50480634,40000.0,White All
